<?xml version="1.0" encoding="UTF-8"?>
<project-private xmlns="http://www.netbeans.org/ns/project-private/1">
    <editor-bookmarks xmlns="http://www.netbeans.org/ns/editor-bookmarks/2" lastBookmarkId="0"/>
    <open-files xmlns="http://www.netbeans.org/ns/projectui-open-files/2">
        <group>
            <file>file:/C:/Users/Danny/Dropbox/Shares/POO/Projecto/Danny/Fitness/src/fitness/Event.java</file>
            <file>file:/C:/Users/Danny/Dropbox/Shares/POO/Projecto/Danny/Fitness/src/fitness/Activity.java</file>
            <file>file:/C:/Users/Danny/Dropbox/Shares/POO/Projecto/Danny/Fitness/src/fitness/Admin.java</file>
            <file>file:/C:/Users/Danny/Dropbox/Shares/POO/Projecto/Danny/Fitness/src/fitness/Golf.java</file>
            <file>file:/C:/Users/Danny/Dropbox/Shares/POO/Projecto/Danny/Fitness/src/fitness/Menu.java</file>
            <file>file:/C:/Users/Danny/Dropbox/Shares/POO/Projecto/Danny/Fitness/src/fitness/UX.java</file>
            <file>file:/C:/Users/Danny/Dropbox/Shares/POO/Projecto/Danny/Fitness/src/fitness/Competition.java</file>
            <file>file:/C:/Users/Danny/Dropbox/Shares/POO/Projecto/Danny/Fitness/src/fitness/Swimming.java</file>
            <file>file:/C:/Users/Danny/Dropbox/Shares/POO/Projecto/Danny/Fitness/src/fitness/User.java</file>
        </group>
    </open-files>
</project-private>
